long,lat,bio_1,bio_12
-77.51440993,-5.80941679,187,1622
-77.3060766,-5.80941679,224,1416
-77.26440993,-5.80941679,225,1268
-77.13940993,-5.80941679,221,1485
-77.09774326,-5.80941679,220,1553
-76.88940993,-5.80941679,215,1300
-76.34774327,-5.80941679,256,1927
-76.01440993,-5.80941679,255,2255
-75.5560766,-5.80941679,251,2312
-75.38940994,-5.80941679,251,2290
-75.3060766,-5.80941679,253,2319
-77.68107659,-5.851083457,105,1409
-77.59774326,-5.851083457,135,1519
-77.51440993,-5.851083457,166,1643
-77.47274326,-5.851083457,185,1666
-77.43107659,-5.851083457,210,1552
-77.38940993,-5.851083457,212,1683
-77.34774326,-5.851083457,224,1428
-77.22274326,-5.851083457,225,1274
-76.72274326,-5.851083457,225,1532
-76.63940993,-5.851083457,223,2000
-76.22274327,-5.851083457,255,2025
-75.97274327,-5.851083457,253,2286
-75.76440993,-5.851083457,251,2328
-75.63940994,-5.851083457,251,2332
-75.59774327,-5.851083457,251,2285
-75.4310766,-5.851083457,252,2194
-75.34774327,-5.851083457,252,2312
-75.1810766,-5.851083457,255,2255
-77.3060766,-5.892750123,225,1441
-77.13940993,-5.892750123,225,1290
-76.97274326,-5.892750123,217,1588
-76.8060766,-5.892750123,167,1779
-76.76440993,-5.892750123,171,2130
-76.6810766,-5.892750123,218,1814
-76.59774326,-5.892750123,239,1714
-76.38940993,-5.892750123,256,1937
-76.1810766,-5.892750123,256,2101
-76.09774327,-5.892750123,256,2134
-76.0560766,-5.892750123,256,2100
-76.01440993,-5.892750123,255,2138
-75.88940993,-5.892750123,253,2169
-75.76440993,-5.892750123,251,2249
-75.6810766,-5.892750123,251,2308
-77.47274326,-5.93441679,176,1501
-77.43107659,-5.93441679,177,1645
-77.38940993,-5.93441679,182,1767
-77.3060766,-5.93441679,224,1546
-77.09774326,-5.93441679,226,1269
-77.01440993,-5.93441679,219,1303
-76.97274326,-5.93441679,206,1588
-76.9310766,-5.93441679,204,1762
-76.84774326,-5.93441679,200,1421
-76.76440993,-5.93441679,157,2007
-76.72274326,-5.93441679,180,2184
-76.26440993,-5.93441679,256,2121
-76.09774327,-5.93441679,257,2121
-75.84774327,-5.93441679,253,2268
-75.8060766,-5.93441679,253,2136
-75.76440993,-5.93441679,252,2139
-75.72274327,-5.93441679,251,2249
-75.59774327,-5.93441679,250,2405
-77.59774326,-5.976083456,107,1280
-77.55607659,-5.976083456,99,1380
-77.51440993,-5.976083456,137,1474
-77.22274326,-5.976083456,227,1331
-77.13940993,-5.976083456,226,1309
-77.09774326,-5.976083456,226,1309
-77.0560766,-5.976083456,224,1332
-76.84774326,-5.976083456,202,1401
-76.47274327,-5.976083456,253,1896
-76.26440993,-5.976083456,256,2139
-76.13940993,-5.976083456,257,2093
-76.09774327,-5.976083456,257,2151
-76.0560766,-5.976083456,257,2136
-75.8060766,-5.976083456,252,2238
-75.76440993,-5.976083456,252,2216
-75.6810766,-5.976083456,251,2292
-75.38940994,-5.976083456,253,2388
-75.3060766,-5.976083456,253,2362
-75.22274327,-5.976083456,255,2353
-75.1810766,-5.976083456,255,2401
-77.38940993,-6.017750123,150,1818
-76.9310766,-6.017750123,221,1122
-76.84774326,-6.017750123,201,1453
-76.8060766,-6.017750123,197,1287
-76.76440993,-6.017750123,184,1406
-76.63940993,-6.017750123,209,1837
-76.5560766,-6.017750123,201,2172
-76.47274327,-6.017750123,249,2024
-76.26440993,-6.017750123,256,2077
-76.0560766,-6.017750123,256,2244
-76.01440993,-6.017750123,257,2156
-75.84774327,-6.017750123,253,2161
-75.47274327,-6.017750123,253,2268
-75.4310766,-6.017750123,253,2298
-75.1810766,-6.017750123,255,2373
-75.0560766,-6.017750123,255,2403
-77.72274326,-6.059416789,126,878
-77.51440993,-6.059416789,80,1441
-77.47274326,-6.059416789,95,1399
-77.3060766,-6.059416789,182,1722
-77.1810766,-6.059416789,226,1433
-77.13940993,-6.059416789,227,1315
-77.0560766,-6.059416789,226,1218
-76.8060766,-6.059416789,201,1292
-76.5560766,-6.059416789,205,1869
-76.47274327,-6.059416789,242,2052
-76.4310766,-6.059416789,255,1901
-76.3060766,-6.059416789,256,2083
-76.22274327,-6.059416789,257,1962
-76.13940993,-6.059416789,255,2119
-75.97274327,-6.059416789,256,2196
-75.9310766,-6.059416789,256,2164
-75.72274327,-6.059416789,253,2180
-77.0560766,-6.101083456,225,1244
-77.01440993,-6.101083456,217,1300
-76.9310766,-6.101083456,205,1535
-76.84774326,-6.101083456,219,1164
-76.59774326,-6.101083456,215,1784
-76.5560766,-6.101083456,216,1597
-76.4310766,-6.101083456,248,2090
-76.34774327,-6.101083456,257,1963
-76.1810766,-6.101083456,256,2110
-76.13940993,-6.101083456,256,2125
-76.09774327,-6.101083456,255,2121
-75.97274327,-6.101083456,255,2352
-75.9310766,-6.101083456,256,2144
-75.84774327,-6.101083456,256,2087
-75.8060766,-6.101083456,255,1966
-75.59774327,-6.101083456,253,2228
-75.51440994,-6.101083456,252,2396
-75.47274327,-6.101083456,252,2391
-75.34774327,-6.101083456,253,2371
-75.09774327,-6.101083456,255,2324
-77.63940993,-6.142750122,99,1046
-77.55607659,-6.142750122,111,917
-77.43107659,-6.142750122,90,1522
-77.22274326,-6.142750122,184,1788
-77.09774326,-6.142750122,224,1339
-76.97274326,-6.142750122,208,1287
-76.76440993,-6.142750122,207,1339
-76.38940993,-6.142750122,254,1970
-76.26440993,-6.142750122,257,2020
-76.22274327,-6.142750122,256,2105
-76.09774327,-6.142750122,255,2136
-76.0560766,-6.142750122,255,2163
-75.97274327,-6.142750122,256,2064
-75.76440993,-6.142750122,255,2020
-75.22274327,-6.142750122,256,2337
-75.1810766,-6.142750122,255,2349
-77.63940993,-6.184416789,129,866
-77.55607659,-6.184416789,121,905
-77.43107659,-6.184416789,105,1318
-77.38940993,-6.184416789,122,1508
-77.3060766,-6.184416789,181,1440
-77.09774326,-6.184416789,221,1311
-76.84774326,-6.184416789,204,1522
-76.8060766,-6.184416789,223,1048
-76.4310766,-6.184416789,245,1710
-76.3060766,-6.184416789,257,1970
-76.1810766,-6.184416789,256,2095
-75.84774327,-6.184416789,256,2190
-75.5560766,-6.184416789,252,2226
-75.38940994,-6.184416789,253,2367
-75.22274327,-6.184416789,256,2325
-75.0560766,-6.184416789,255,2366
-77.72274326,-6.226083455,156,798
-77.59774326,-6.226083455,134,1030
-77.47274326,-6.226083455,133,1033
-77.09774326,-6.226083455,215,1308
-76.8060766,-6.226083455,219,1203
-76.72274326,-6.226083455,208,1625
-76.6810766,-6.226083455,232,1163
-76.63940993,-6.226083455,214,1309
-76.59774326,-6.226083455,222,1446
-76.5560766,-6.226083455,233,1353
-76.4310766,-6.226083455,229,2093
-76.22274327,-6.226083455,256,2060
-76.1810766,-6.226083455,256,2109
-75.76440993,-6.226083455,256,2075
-75.72274327,-6.226083455,256,2137
-75.38940994,-6.226083455,254,2218
-75.3060766,-6.226083455,255,2255
-77.68107659,-6.267750122,154,797
-77.63940993,-6.267750122,126,1039
-77.3060766,-6.267750122,144,1695
-77.09774326,-6.267750122,205,1349
-76.8060766,-6.267750122,207,1455
-76.6810766,-6.267750122,228,1328
-76.22274327,-6.267750122,256,1855
-76.09774327,-6.267750122,257,1984
-76.01440993,-6.267750122,257,1987
-75.63940994,-6.267750122,255,2032
-75.38940994,-6.267750122,254,2260
-75.13940994,-6.267750122,256,2370
-75.0560766,-6.267750122,256,2330
-77.68107659,-6.309416788,151,946
-77.55607659,-6.309416788,137,1259
-77.43107659,-6.309416788,143,994
-77.26440993,-6.309416788,142,1740
-77.22274326,-6.309416788,162,1736
-76.97274326,-6.309416788,179,1363
-76.6810766,-6.309416788,220,1493
-76.5560766,-6.309416788,213,1480
-76.09774327,-6.309416788,257,1963
-76.01440993,-6.309416788,257,2014
-75.6810766,-6.309416788,256,2110
-75.47274327,-6.309416788,253,2248
-75.4310766,-6.309416788,253,2295
-75.1810766,-6.309416788,256,2229
-75.0560766,-6.309416788,256,2287
-77.72274326,-6.351083455,122,1304
-77.34774326,-6.351083455,139,1294
-77.3060766,-6.351083455,136,1212
-77.0560766,-6.351083455,176,1402
-76.9310766,-6.351083455,178,1493
-76.88940993,-6.351083455,195,1049
-76.59774326,-6.351083455,238,1104
-76.38940993,-6.351083455,215,1965
-76.09774327,-6.351083455,256,2005
-76.0560766,-6.351083455,256,1982
-75.63940994,-6.351083455,256,2140
-75.38940994,-6.351083455,255,2175
-77.68107659,-6.392750121,155,1108
-77.63940993,-6.392750121,164,919
-77.59774326,-6.392750121,174,1015
-77.55607659,-6.392750121,189,804
-77.43107659,-6.392750121,174,880
-77.38940993,-6.392750121,159,1061
-77.34774326,-6.392750121,160,1048
-77.3060766,-6.392750121,153,1046
-76.8060766,-6.392750121,177,1533
-76.72274326,-6.392750121,208,1196
-76.63940993,-6.392750121,227,1537
-76.59774326,-6.392750121,249,1066
-76.38940993,-6.392750121,225,1506
-76.22274327,-6.392750121,223,2074
-76.0560766,-6.392750121,255,2061
-75.97274327,-6.392750121,255,2053
-75.9310766,-6.392750121,253,2134
-75.84774327,-6.392750121,256,1947
-75.6810766,-6.392750121,256,2179
-75.3060766,-6.392750121,256,2253
-75.22274327,-6.392750121,256,2278
-77.68107659,-6.434416788,144,1312
-77.63940993,-6.434416788,173,913
-77.51440993,-6.434416788,188,939
-77.01440993,-6.434416788,175,1286
-76.76440993,-6.434416788,201,1362
-76.47274327,-6.434416788,241,1241
-76.4310766,-6.434416788,236,1388
-76.38940993,-6.434416788,241,1316
-76.26440993,-6.434416788,232,1815
-76.22274327,-6.434416788,231,1634
-76.01440993,-6.434416788,248,2276
-75.84774327,-6.434416788,256,2008
-75.8060766,-6.434416788,255,2166
-75.72274327,-6.434416788,255,2260
-75.51440994,-6.434416788,251,2331
-75.22274327,-6.434416788,256,2237
-75.13940994,-6.434416788,256,2195
-75.09774327,-6.434416788,256,2266
-75.0560766,-6.434416788,256,2213
-77.72274326,-6.476083454,115,1373
-77.68107659,-6.476083454,141,1345
-77.59774326,-6.476083454,175,930
-77.43107659,-6.476083454,175,1133
-77.38940993,-6.476083454,191,962
-76.88940993,-6.476083454,181,1545
-76.76440993,-6.476083454,225,1092
-76.51440993,-6.476083454,249,1237
-76.22274327,-6.476083454,228,1764
-76.01440993,-6.476083454,212,2600
-75.88940993,-6.476083454,250,2122
-75.72274327,-6.476083454,255,2256
-75.38940994,-6.476083454,255,2233
-75.26440994,-6.476083454,256,2210
-77.63940993,-6.517750121,154,1370
-76.9310766,-6.517750121,200,1010
-76.6810766,-6.517750121,236,932
-76.63940993,-6.517750121,201,1518
-76.1810766,-6.517750121,220,1774
-75.72274327,-6.517750121,253,2304
-75.6810766,-6.517750121,255,2194
-75.63940994,-6.517750121,256,2066
-75.34774327,-6.517750121,255,2177
-75.22274327,-6.517750121,256,2174
-75.13940994,-6.517750121,257,2067
-75.0560766,-6.517750121,256,2077
-77.43107659,-6.559416787,154,1451
-77.26440993,-6.559416787,152,1486
-77.01440993,-6.559416787,170,1579
-76.9310766,-6.559416787,209,1149
-76.8060766,-6.559416787,210,1548
-76.63940993,-6.559416787,211,1251
-76.34774327,-6.559416787,256,1233
-76.3060766,-6.559416787,253,1157
-76.0560766,-6.559416787,253,1407
-75.97274327,-6.559416787,248,1603
-75.76440993,-6.559416787,250,2356
-75.6810766,-6.559416787,254,2188
-75.63940994,-6.559416787,255,2047
-75.47274327,-6.559416787,253,2009
-75.4310766,-6.559416787,253,2191
-75.3060766,-6.559416787,255,2167
-75.13940994,-6.559416787,257,2097
-77.72274326,-6.601083454,103,1164
-77.59774326,-6.601083454,136,1436
-77.43107659,-6.601083454,152,1417
-77.34774326,-6.601083454,196,980
-77.13940993,-6.601083454,158,1424
-76.63940993,-6.601083454,234,1005
-76.4310766,-6.601083454,242,1498
-76.38940993,-6.601083454,248,1479
-76.3060766,-6.601083454,255,1168
-76.1810766,-6.601083454,232,1595
-76.13940993,-6.601083454,251,1455
-76.0560766,-6.601083454,249,1551
-75.9310766,-6.601083454,242,1983
-75.88940993,-6.601083454,240,2128
-75.8060766,-6.601083454,227,2460
-75.72274327,-6.601083454,254,2066
-75.51440994,-6.601083454,253,2001
-75.47274327,-6.601083454,253,2033
-75.38940994,-6.601083454,254,2127
-75.1810766,-6.601083454,257,2086
-77.59774326,-6.64275012,145,1094
-77.51440993,-6.64275012,163,1279
-77.43107659,-6.64275012,175,1033
-77.13940993,-6.64275012,156,1493
-77.09774326,-6.64275012,185,1148
-76.97274326,-6.64275012,214,1058
-76.4310766,-6.64275012,240,1463
-76.3060766,-6.64275012,253,1249
-76.1810766,-6.64275012,216,1837
-76.0560766,-6.64275012,248,1658
-75.63940994,-6.64275012,254,2084
-75.51440994,-6.64275012,253,2051
-75.47274327,-6.64275012,253,2103
-75.13940994,-6.64275012,257,1989
-75.0560766,-6.64275012,257,2010
-77.72274326,-6.684416787,118,1285
-77.59774326,-6.684416787,166,974
-77.47274326,-6.684416787,171,1218
-77.09774326,-6.684416787,186,1309
-76.88940993,-6.684416787,236,1085
-76.84774326,-6.684416787,237,996
-76.8060766,-6.684416787,225,1144
-76.38940993,-6.684416787,240,1562
-76.09774327,-6.684416787,211,2127
-75.84774327,-6.684416787,236,2059
-75.72274327,-6.684416787,239,2428
-75.5560766,-6.684416787,253,1999
-75.4310766,-6.684416787,254,2009
-75.26440994,-6.684416787,255,2081
-75.22274327,-6.684416787,255,2132
-77.68107659,-6.726083453,157,1041
-77.59774326,-6.726083453,174,991
-77.55607659,-6.726083453,173,1085
-77.38940993,-6.726083453,187,1027
-77.34774326,-6.726083453,191,1169
-77.3060766,-6.726083453,213,981
-77.26440993,-6.726083453,215,921
-77.22274326,-6.726083453,201,1012
-77.01440993,-6.726083453,191,1467
-76.84774326,-6.726083453,235,1313
-76.72274326,-6.726083453,248,1378
-76.51440993,-6.726083453,218,1483
-76.34774327,-6.726083453,248,1266
-76.3060766,-6.726083453,242,1503
-76.26440993,-6.726083453,246,1268
-76.01440993,-6.726083453,233,1871
-75.88940993,-6.726083453,231,2146
-75.5560766,-6.726083453,252,2075
-75.51440994,-6.726083453,252,2081
-75.38940994,-6.726083453,254,2048
-75.34774327,-6.726083453,254,2044
-75.3060766,-6.726083453,254,2024
-75.13940994,-6.726083453,257,2019
-75.0560766,-6.726083453,257,1931
-77.26440993,-6.76775012,205,1170
-77.1810766,-6.76775012,217,890
-77.13940993,-6.76775012,201,1004
-77.09774326,-6.76775012,187,1381
-76.9310766,-6.76775012,221,1284
-76.8060766,-6.76775012,246,1034
-76.6810766,-6.76775012,249,1451
-76.63940993,-6.76775012,254,1211
-75.88940993,-6.76775012,235,1784
-75.72274327,-6.76775012,226,2026
-75.51440994,-6.76775012,246,2339
-75.47274327,-6.76775012,251,2177
-75.3060766,-6.76775012,254,1980
-75.22274327,-6.76775012,255,1989
-75.1810766,-6.76775012,256,2035
-76.88940993,-6.809416786,230,1150
-76.5560766,-6.809416786,257,962
-76.47274327,-6.809416786,244,1160
-76.26440993,-6.809416786,243,1387
-76.22274327,-6.809416786,247,1199
-76.09774327,-6.809416786,216,1397
-75.97274327,-6.809416786,224,1806
-75.88940993,-6.809416786,230,1969
-75.72274327,-6.809416786,230,1770
-75.6810766,-6.809416786,214,1911
-75.59774327,-6.809416786,223,2473
-75.5560766,-6.809416786,236,2369
-75.51440994,-6.809416786,242,2254
-75.47274327,-6.809416786,247,2119
-75.4310766,-6.809416786,248,2290
-75.38940994,-6.809416786,252,2127
-75.13940994,-6.809416786,257,1911
-77.43107659,-6.851083453,166,1214
-77.38940993,-6.851083453,166,1293
-77.3060766,-6.851083453,196,1170
-77.22274326,-6.851083453,206,1256
-76.8060766,-6.851083453,247,1265
-76.76440993,-6.851083453,250,974
-76.72274326,-6.851083453,227,1416
-76.63940993,-6.851083453,250,1465
-76.59774326,-6.851083453,253,1383
-76.51440993,-6.851083453,254,1012
-76.47274327,-6.851083453,250,1115
-76.26440993,-6.851083453,251,1106
-75.9310766,-6.851083453,220,2063
-75.84774327,-6.851083453,221,2014
-75.59774327,-6.851083453,214,2576
-75.5560766,-6.851083453,232,2307
-75.51440994,-6.851083453,241,2232
-75.34774327,-6.851083453,255,1789
-77.59774326,-6.892750119,118,1503
-77.38940993,-6.892750119,171,1166
-77.26440993,-6.892750119,184,1429
-77.1810766,-6.892750119,215,1031
-76.97274326,-6.892750119,202,1721
-76.9310766,-6.892750119,235,1217
-76.76440993,-6.892750119,255,976
-76.6810766,-6.892750119,231,1665
-76.63940993,-6.892750119,249,1451
-76.13940993,-6.892750119,227,1568
-75.84774327,-6.892750119,229,1716
-75.8060766,-6.892750119,222,1911
-75.59774327,-6.892750119,213,2353
-75.47274327,-6.892750119,249,1958
-77.68107659,-6.934416786,90,1207
-77.55607659,-6.934416786,156,1125
-77.51440993,-6.934416786,166,1112
-77.34774326,-6.934416786,180,1126
-77.26440993,-6.934416786,193,1281
-77.01440993,-6.934416786,213,1128
-76.76440993,-6.934416786,257,1065
-76.59774326,-6.934416786,253,1423
-76.51440993,-6.934416786,257,1063
-76.47274327,-6.934416786,253,1208
-76.3060766,-6.934416786,259,1133
-76.26440993,-6.934416786,253,1326
-76.01440993,-6.934416786,216,1690
-75.97274327,-6.934416786,215,1745
-75.8060766,-6.934416786,223,1931
-75.72274327,-6.934416786,239,1867
-75.51440994,-6.934416786,241,1947
-75.47274327,-6.934416786,245,2108
-75.38940994,-6.934416786,245,2056
-75.26440994,-6.934416786,255,1877
-77.63940993,-6.976083452,135,1151
-77.38940993,-6.976083452,166,1323
-77.09774326,-6.976083452,228,1124
-77.01440993,-6.976083452,217,1112
-76.97274326,-6.976083452,204,1632
-76.5560766,-6.976083452,257,1413
-76.51440993,-6.976083452,260,1150
-76.38940993,-6.976083452,255,1340
-76.3060766,-6.976083452,255,1342
-76.13940993,-6.976083452,236,1306
-75.6810766,-6.976083452,231,1674
-75.63940994,-6.976083452,211,1986
-75.59774327,-6.976083452,220,2076
-75.09774327,-6.976083452,256,1810
-77.72274326,-7.017750119,83,1373
-77.68107659,-7.017750119,101,1431
-77.55607659,-7.017750119,124,1357
-77.38940993,-7.017750119,146,1488
-77.26440993,-7.017750119,197,1325
-77.13940993,-7.017750119,232,1005
-77.01440993,-7.017750119,228,1063
-76.88940993,-7.017750119,239,1336
-76.09774327,-7.017750119,242,1262
-76.01440993,-7.017750119,212,1895
-75.8060766,-7.017750119,245,1489
-75.76440993,-7.017750119,236,1700
-75.59774327,-7.017750119,231,1832
-75.5560766,-7.017750119,244,1741
-75.51440994,-7.017750119,251,1584
-75.26440994,-7.017750119,256,1758
-75.13940994,-7.017750119,258,1763
-75.09774327,-7.017750119,256,1703
-75.0560766,-7.017750119,248,2158
-77.72274326,-7.059416785,78,1308
-77.63940993,-7.059416785,80,1396
-77.51440993,-7.059416785,92,1487
-77.43107659,-7.059416785,118,1611
-77.34774326,-7.059416785,166,1413
-76.47274327,-7.059416785,261,1218
-76.4310766,-7.059416785,258,1263
-76.38940993,-7.059416785,251,1417
-76.34774327,-7.059416785,250,1467
-76.3060766,-7.059416785,250,1442
-76.09774327,-7.059416785,238,1574
-75.9310766,-7.059416785,249,1464
-75.72274327,-7.059416785,237,1632
-75.34774327,-7.059416785,256,1618
-75.26440994,-7.059416785,257,1724
-75.22274327,-7.059416785,259,1605
-75.09774327,-7.059416785,257,1666
-77.59774326,-7.101083452,82,1263
-77.0560766,-7.101083452,249,1064
-76.8060766,-7.101083452,241,1573
-76.6810766,-7.101083452,257,1411
-75.8060766,-7.101083452,252,1567
-75.59774327,-7.101083452,246,1710
-75.38940994,-7.101083452,255,1756
-75.22274327,-7.101083452,258,1673
-75.13940994,-7.101083452,257,1843
-77.43107659,-7.142750118,147,1114
-77.0560766,-7.142750118,254,954
-76.97274326,-7.142750118,240,1308
-76.5560766,-7.142750118,255,1733
-76.51440993,-7.142750118,261,1413
-76.4310766,-7.142750118,254,1503
-76.22274327,-7.142750118,239,1539
-76.1810766,-7.142750118,223,1786
-76.13940993,-7.142750118,219,2040
-76.0560766,-7.142750118,219,1995
-75.97274327,-7.142750118,233,2244
-75.9310766,-7.142750118,243,2052
-75.84774327,-7.142750118,250,1917
-75.63940994,-7.142750118,250,1594
-75.5560766,-7.142750118,255,1654
-75.47274327,-7.142750118,255,1821
-75.26440994,-7.142750118,259,1660
-77.59774326,-7.184416785,77,1332
-77.26440993,-7.184416785,208,1286
-77.09774326,-7.184416785,234,1532
-77.01440993,-7.184416785,253,1000
-76.8060766,-7.184416785,244,1354
-76.59774326,-7.184416785,251,1544
-76.51440993,-7.184416785,259,1533
-76.22274327,-7.184416785,235,1657
-76.1810766,-7.184416785,225,1658
-76.13940993,-7.184416785,205,2261
-75.9310766,-7.184416785,232,2373
-75.26440994,-7.184416785,259,1708
-77.55607659,-7.226083451,86,1295
-77.51440993,-7.226083451,92,1361
-77.43107659,-7.226083451,122,1461
-77.38940993,-7.226083451,160,1363
-77.01440993,-7.226083451,243,1353
-76.97274326,-7.226083451,254,1041
-76.88940993,-7.226083451,225,1883
-76.84774326,-7.226083451,255,1324
-76.72274326,-7.226083451,259,1494
-76.63940993,-7.226083451,255,1618
-76.5560766,-7.226083451,250,1888
-76.47274327,-7.226083451,259,1335
-76.4310766,-7.226083451,254,1392
-76.1810766,-7.226083451,224,1709
-75.9310766,-7.226083451,229,2365
-75.88940993,-7.226083451,247,2139
-75.84774327,-7.226083451,252,1955
-75.59774327,-7.226083451,255,1765
-75.51440994,-7.226083451,254,1949
-75.4310766,-7.226083451,255,1794
-75.3060766,-7.226083451,258,1712
-75.13940994,-7.226083451,258,1624
-77.68107659,-7.267750118,83,1051
-77.55607659,-7.267750118,91,1234
-77.3060766,-7.267750118,176,1428
-77.13940993,-7.267750118,202,1690
-77.09774326,-7.267750118,225,1592
-77.01440993,-7.267750118,235,1403
-76.84774326,-7.267750118,242,1817
-76.6810766,-7.267750118,257,1450
-76.63940993,-7.267750118,252,1732
-76.26440993,-7.267750118,236,1961
-75.97274327,-7.267750118,197,2505
-75.84774327,-7.267750118,253,1885
-75.6810766,-7.267750118,256,1845
-75.47274327,-7.267750118,257,1683
-75.3060766,-7.267750118,258,1815
-75.26440994,-7.267750118,259,1849
-75.0560766,-7.267750118,258,1601
-77.63940993,-7.309416784,83,1199
-77.13940993,-7.309416784,214,1336
-76.97274326,-7.309416784,234,1638
-76.1810766,-7.309416784,218,2070
-76.09774327,-7.309416784,235,2047
-76.0560766,-7.309416784,243,1654
-75.88940993,-7.309416784,243,2360
-75.76440993,-7.309416784,254,2071
-75.72274327,-7.309416784,255,1998
-75.5560766,-7.309416784,258,1742
-75.34774327,-7.309416784,258,1833
-75.3060766,-7.309416784,258,1827
-75.1810766,-7.309416784,259,1737
-75.0560766,-7.309416784,258,1581
-77.55607659,-7.351083451,100,1308
-77.13940993,-7.351083451,191,1627
-76.97274326,-7.351083451,226,1801
-76.59774326,-7.351083451,253,1753
-76.34774327,-7.351083451,237,1801
-75.97274327,-7.351083451,235,1799
-75.8060766,-7.351083451,253,1953
-75.59774327,-7.351083451,256,2042
-75.4310766,-7.351083451,257,1905
-75.38940994,-7.351083451,256,2008
-75.3060766,-7.351083451,258,1862
-75.26440994,-7.351083451,259,1801
-77.68107659,-7.392750117,141,756
-77.59774326,-7.392750117,86,1358
-77.47274326,-7.392750117,140,1327
-77.3060766,-7.392750117,170,1313
-76.97274326,-7.392750117,202,1896
-76.8060766,-7.392750117,241,1886
-76.6810766,-7.392750117,254,1646
-76.63940993,-7.392750117,252,1690
-76.5560766,-7.392750117,254,1438
-76.4310766,-7.392750117,251,1922
-76.26440993,-7.392750117,210,2536
-76.09774327,-7.392750117,233,2305
-76.0560766,-7.392750117,232,2317
-75.9310766,-7.392750117,205,2738
-75.84774327,-7.392750117,247,2434
-75.76440993,-7.392750117,255,1976
-75.4310766,-7.392750117,257,1969
-75.38940994,-7.392750117,257,1920
-75.34774327,-7.392750117,258,1795
-75.26440994,-7.392750117,259,1797
-77.59774326,-7.434416784,77,1335
-77.47274326,-7.434416784,115,1437
-77.38940993,-7.434416784,113,1617
-77.34774326,-7.434416784,147,1425
-77.09774326,-7.434416784,206,1373
-76.97274326,-7.434416784,224,1442
-76.1810766,-7.434416784,209,2646
-75.8060766,-7.434416784,242,2446
-75.72274327,-7.434416784,254,2249
-75.5560766,-7.434416784,254,2247
-75.51440994,-7.434416784,257,2059
-77.34774326,-7.47608345,137,1399
-77.26440993,-7.47608345,175,1203
-77.22274326,-7.47608345,157,1524
-77.0560766,-7.47608345,212,1410
-76.9310766,-7.47608345,204,2046
-76.59774326,-7.47608345,238,2256
-76.5560766,-7.47608345,253,1707
-76.47274327,-7.47608345,247,2071
-76.38940993,-7.47608345,251,1795
-76.3060766,-7.47608345,211,1917
-76.22274327,-7.47608345,224,1858
-76.0560766,-7.47608345,241,2280
-75.63940994,-7.47608345,254,2163
-75.51440994,-7.47608345,256,2097
-75.47274327,-7.47608345,257,1964
-75.4310766,-7.47608345,257,1885
-75.22274327,-7.47608345,259,1836
-75.09774327,-7.47608345,258,1769
-77.59774326,-7.517750117,132,764
-77.1810766,-7.517750117,183,1300
-77.13940993,-7.517750117,189,1590
-77.01440993,-7.517750117,177,1921
-76.97274326,-7.517750117,187,2027
-76.72274326,-7.517750117,249,1811
-76.5560766,-7.517750117,243,2225
-76.38940993,-7.517750117,243,2010
-76.26440993,-7.517750117,208,2619
-76.1810766,-7.517750117,226,1879
-76.13940993,-7.517750117,223,2126
-75.72274327,-7.517750117,229,2830
-75.34774327,-7.517750117,259,1899
-75.1810766,-7.517750117,259,1845
-75.0560766,-7.517750117,258,1737
-77.43107659,-7.559416783,94,1525
-77.22274326,-7.559416783,178,1292
-77.13940993,-7.559416783,194,1399
-77.0560766,-7.559416783,206,1104
-77.01440993,-7.559416783,178,1762
-76.84774326,-7.559416783,240,1725
-76.59774326,-7.559416783,240,1793
-76.3060766,-7.559416783,225,1815
-76.01440993,-7.559416783,244,2387
-75.6810766,-7.559416783,250,2423
-75.5560766,-7.559416783,253,2310
-75.51440994,-7.559416783,256,2126
-75.47274327,-7.559416783,258,1991
-75.26440994,-7.559416783,259,1862
-75.13940994,-7.559416783,259,1777
-75.09774327,-7.559416783,259,1730
-77.68107659,-7.60108345,205,530
-77.63940993,-7.60108345,166,657
-77.47274326,-7.60108345,80,1404
-77.43107659,-7.60108345,105,1275
-77.3060766,-7.60108345,166,1162
-77.0560766,-7.60108345,203,1321
-77.01440993,-7.60108345,183,1582
-76.97274326,-7.60108345,180,2058
-76.72274326,-7.60108345,229,2121
-76.51440993,-7.60108345,245,2376
-75.97274327,-7.60108345,246,2403
-75.9310766,-7.60108345,249,1845
-75.59774327,-7.60108345,254,2094
-75.51440994,-7.60108345,257,2102
-75.4310766,-7.60108345,258,2014
-75.38940994,-7.60108345,258,2042
-77.34774326,-7.642750116,126,1449
-77.3060766,-7.642750116,145,1365
-77.13940993,-7.642750116,154,1778
-77.0560766,-7.642750116,197,1371
-76.97274326,-7.642750116,163,2076
-76.8060766,-7.642750116,245,1786
-76.72274326,-7.642750116,241,1544
-76.6810766,-7.642750116,230,2232
-76.59774326,-7.642750116,236,1779
-76.4310766,-7.642750116,248,1781
-76.26440993,-7.642750116,220,2527
-76.01440993,-7.642750116,240,2602
-75.9310766,-7.642750116,250,2103
-75.88940993,-7.642750116,250,1936
-75.72274327,-7.642750116,213,2955
-75.63940994,-7.642750116,255,2159
-75.5560766,-7.642750116,253,2459
-75.22274327,-7.642750116,259,1877
-75.13940994,-7.642750116,259,1772
-75.09774327,-7.642750116,259,1751
-77.63940993,-7.684416783,178,600
-77.59774326,-7.684416783,131,765
-77.55607659,-7.684416783,85,1047
-77.47274326,-7.684416783,79,1384
-77.38940993,-7.684416783,112,1432
-77.34774326,-7.684416783,99,1392
-77.3060766,-7.684416783,89,1582
-77.09774326,-7.684416783,177,1495
-76.63940993,-7.684416783,219,2214
-76.47274327,-7.684416783,252,1853
-76.26440993,-7.684416783,225,2343
-76.0560766,-7.684416783,228,2800
-75.6810766,-7.684416783,252,2284
-75.63940994,-7.684416783,256,2001
-75.51440994,-7.684416783,255,2412
-75.38940994,-7.684416783,258,2063
-75.26440994,-7.684416783,259,1934
-75.22274327,-7.684416783,259,1877
-75.0560766,-7.684416783,259,1753
-77.38940993,-7.726083449,88,1383
-77.34774326,-7.726083449,90,1326
-77.09774326,-7.726083449,193,1199
-77.01440993,-7.726083449,162,1761
-76.88940993,-7.726083449,198,1862
-76.8060766,-7.726083449,221,2153
-76.6810766,-7.726083449,235,1552
-76.47274327,-7.726083449,246,1912
-75.63940994,-7.726083449,257,2033
-75.5560766,-7.726083449,251,2483
-75.3060766,-7.726083449,259,1971
-75.26440994,-7.726083449,259,1958
-77.68107659,-7.767750116,166,853
-77.51440993,-7.767750116,70,1139
-77.3060766,-7.767750116,136,1147
-77.22274326,-7.767750116,146,1444
-77.1810766,-7.767750116,127,1688
-77.13940993,-7.767750116,160,1502
-77.09774326,-7.767750116,160,1475
-76.9310766,-7.767750116,201,1372
-76.59774326,-7.767750116,213,2518
-76.5560766,-7.767750116,229,2438
-76.47274327,-7.767750116,236,2178
-76.4310766,-7.767750116,214,2525
-76.3060766,-7.767750116,235,2032
-75.97274327,-7.767750116,231,3246
-75.59774327,-7.767750116,256,2003
-75.4310766,-7.767750116,257,2292
-75.3060766,-7.767750116,259,1972
-75.0560766,-7.767750116,259,1798
-77.55607659,-7.809416782,87,886
-77.51440993,-7.809416782,63,1148
-77.47274326,-7.809416782,70,1260
-77.34774326,-7.809416782,109,1350
-77.01440993,-7.809416782,160,1684
-76.97274326,-7.809416782,180,1660
-76.76440993,-7.809416782,238,1922
-76.5560766,-7.809416782,227,2485
-76.51440993,-7.809416782,233,2239
-76.47274327,-7.809416782,218,2393
-76.34774327,-7.809416782,231,2505
-76.13940993,-7.809416782,230,2582
-76.01440993,-7.809416782,223,3064
-75.84774327,-7.809416782,237,2809
-75.63940994,-7.809416782,258,2301
-75.59774327,-7.809416782,257,2033
-75.34774327,-7.809416782,259,2031
-77.63940993,-7.851083449,173,739
-77.55607659,-7.851083449,134,682
-77.51440993,-7.851083449,94,815
-77.13940993,-7.851083449,164,1062
-76.97274326,-7.851083449,173,1739
-76.84774326,-7.851083449,218,1740
-76.51440993,-7.851083449,217,2303
-76.47274327,-7.851083449,199,2624
-76.4310766,-7.851083449,185,3170
-76.34774327,-7.851083449,232,2541
-76.22274327,-7.851083449,223,2746
-76.09774327,-7.851083449,230,2527
-75.13940994,-7.851083449,258,1941
